,index,company
0,0,Контур
1,1,DeNet
2,2,Linked Helper
3,3,ООО Евразия Консалтинг
4,4,ООО Газхолд
5,5,Piano
6,6,Парфюмерно-косметический супермаркет Золотое Яблоко
7,7,ООО Волжско-Камский оконный завод
8,8,ООО Информационные Технологии
9,9,ИП Багаманшин Альберт Фаязович
10,10,ООО Инфоматика
11,11,ООО Инфоматика
12,12,ONLINECONTRACT
13,13,"АО ИНКОМСИСТЕМ, НИЦ"
14,14,Контур
15,15,Инсайрес
16,16,ООО АРФА
17,17,ООО Информационные Технологии
18,18,HR ME
19,19,ООО Крофттех
20,20,ИП Зарипов Дмитрий Владимирович
21,21,ООО Гиасофт
22,22,ООО Селект
23,23,"АО ИНКОМСИСТЕМ, НИЦ"
24,24,Центральный банк Российской Федерации (Банк России)
25,25,Cinar
26,26,Франчайзинг5
27,27,АВТОСЕТЬ.РФ
28,28,ООО Мистер Чек 16
29,29,"Воздушные фильтры, компания"
30,30,Мама Жанна
31,31,Данафлекс
32,32,ООО Денвик
33,33,iSpring
34,34,Алабуга. Проектный менеджмент
35,35,ТК Славица
36,36,ELMA
37,37,Контур
38,38,Digital Agency Rubikon
39,39,Алабуга. Политех
40,40,ООО ИНЖИНИРИНГ
41,41,ООО РОСТ ИНТЕК
42,42,ООО ТТК Диджитал
43,43,AYA Group
44,44,ООО Цитадель
45,45,НПК Финист-софт
46,46,IndigoSoft
47,47,АО НПФ ВТБ Пенсионный Фонд
48,48,БАРС Груп
49,49,ООО Совкомбанк Технологии
50,50,ООО Ак Барс Цифровые Технологии
51,51,ООО Норматех
52,52,ИП Ахунзянов Марат Асхатович
53,53,АО Клио-Софт
54,54,Ковалевич Валерия
55,55,ООО Праймфлора
56,56,Центральный банк Российской Федерации (Банк России)
57,57,ООО Техсолв
58,58,Монополия
59,59,ООО 1C-Рарус
60,60,МБ-Ирбис
61,61,ООО Ак таш
62,62,Мегастрой
63,63,Арсан
64,64,АО Атомдата-Иннополис
65,65,Т-Банк. Работа с клиентами
66,66,ООО Лоция
67,67,АВТОСЕТЬ.РФ
68,68,ЕВРАЗ. ИТ-специалисты
69,69,ООО ЦПР
70,70,VS Софт
71,71,ООО Совкомбанк Технологии
72,72,РОСЭЛТОРГ
73,73,Jobers
74,74,Тензор
75,75,Центральный банк Российской Федерации (Банк России)
76,76,IT-компания Навигатор
77,77,Центр информационных технологий Республики Татарстан
78,78,Группа Компаний БРИО
79,79,"Содружество, Группа компаний"
80,80,ООО Униматик
81,81,ГК Innostage
82,82,ООО МНКТ
83,83,"VK, Технический департамент"
84,84,Алабуга. Политех
85,85,Группа ГМС
86,86,ООО 500на700
87,87,Тензор
88,88,ТензоТехСервис
89,89,ИП Прохорченко Дарья Игоревна
90,90,ООО Линсофтверпродакшн
91,91,ООО Совкомбанк Технологии
92,92,Ozon Информационные технологии
93,93,ООО Ракета
94,94,РТ МИС
95,95,IMPERIUM WEB
96,96,IMPERIUM WEB
97,97,ООО Страховая компания «АК БАРС-Мед»
98,98,АО ДКС
99,99,ООО Ракета
100,100,ООО АЗ АТОМ
101,101,Тензор
102,102,ТОО ДиджиталБизФэктори
103,103,Prime Sport
104,104,"АО ИНКОМСИСТЕМ, НИЦ"
105,105,ХОЧУСТУЛ
106,106,ООО Технокап
107,107,Т-Банк. ИТ. Разработка
108,108,Первый Бит
109,109,ООО Элитс
110,110,"Ак Барс Банк, ИТ"
111,111,"Ак Барс Банк, ИТ"
112,112,ООО Мармеладыч
113,113,"ТЕРМЕКС, Группа Компаний"
114,114,ООО Точка Качества
115,115,Контур
116,116,Sofoil LLC
117,117,ИСКОМЭД
118,118,Decart IT-production
119,119,АО Казанский завод синтетического каучука
120,120,ООО Смарт Консалтинг
121,121,НЭТЕР
122,122,ООО Банковские и Финансовые Системы
123,123,ЗАО Научно-исследовательский центр Югранефтегаз
124,124,ООО Цитадель
125,125,ООО Смарт Консалтинг
126,126,Университет Иннополис
127,127,Grand trade
128,128,ООО М13
129,129,ООО СКБ Новые Технологии
130,130,DeNet
131,131,SMART-SHOP
132,132,ООО ТатАИСЭнерго
133,133,ООО Транзит-Ойл
134,134,ЕАЕ-Консалт
135,135,Maxim technology
136,136,ГК Innostage
137,137,Homework
138,138,ДОБРОЦЕН
139,139,ООО Ак Барс Цифровые Технологии
140,140,ГАУЗ Клиническая больница №2
141,141,ООО Ак Барс Цифровые Технологии
142,142,Bcraft
143,143,ООО Торгово-монтажная компания ФОРС-сервис
144,144,ООО Простые Платежи
145,145,Сбер для экспертов
146,146,АО Казанский Вертолетный Завод
147,147,Сбер для экспертов
148,148,Татнефть Цифровые Технологии
149,149,Кб
150,150,НПК Финист-софт
151,151,ООО ГИСГИС
152,152,ООО Завод Нефтегазоборудование
153,153,АЛРОСА.Офис
154,154,ООО 500на700
155,155,ООО Системы документооборота
156,156,ООО Имплекс Проекты
157,157,ООО АП Топ
158,158,ООО АВП-ГРУПП
159,159,ООО Инженерное Бюро АНКОР
160,160,АО Эссен Продакшн АГ
161,161,ООО Кадровый Метод
162,162,65apps
163,163,Алабуга. Управление цифровой трансформации
164,164,BIV
165,165,TDM ELECTRIC
166,166,ООО ДЕКА
167,167,TravelLine
168,168,ООО Вайс Сити Системс
169,169,StarShip.Pro
170,170,ООО НПП ГКС
171,171,ООО Метрол
172,172,ООО Простые Платежи
173,173,ООО ТатЭко
174,174,Яндекс
175,175,НПК Финист-софт
176,176,ООО СимбирСофт
177,177,Алабуга. Проектный менеджмент
178,178,Казанский (Приволжский) федеральный университет
179,179,Digital Agency Rubikon
180,180,Spice IT
181,181,ООО Смарт Консалтинг
182,182,ООО Вайс Сити Системс
183,183,FIX
184,184,ООО ЭПИК
185,185,ООО Центр
186,186,АО Инвест Пром Групп
187,187,Avenue VIP
188,188,ЕВРАЗ. ИТ-специалисты
189,189,Maxim technology
190,190,ООО СКБ Новые Технологии
191,191,ТС Океан и Зеленая линия
192,192,ООО Ак Барс Цифровые Технологии
193,193,НПК Финист-софт
194,194,ООО Открытые решения
195,195,ООО Сджей Глобал
196,196,Тензор
197,197,ООО Цитадель
198,198,АО Вакууммаш
199,199,ООО Банковские и Финансовые Системы
200,200,ООО Банковские и Финансовые Системы
201,201,СДЭК
202,202,Aston
203,203,Алабуга. IT-Разработка игр
204,204,ООО ПК Скорса
205,205,Homework
206,206,HTTPS DIGITAL
207,207,ООО Максат - Рус
208,208,ООО Максат - Рус
209,209,ООО Совкомбанк Технологии
210,210,АО Социальная карта
211,211,DCloud
212,212,Госзаказ Групп
213,213,Рекрутинговое агентство RCI
214,214,ООО Саймон Проперти Групп
215,215,ООО Инет Ком
216,216,ООО УПРАВЛЯЮЩАЯ КОМПАНИЯ ШАХУНСКОЕ МОЛОКО
217,217,Арсан
218,218,TOPHUNTER
219,219,ООО Пункт Е
220,220,RedLab
221,221,БФТ-Холдинг
222,222,НПК Финист-софт
223,223,Национальный Научный Центр Фармаконадзора
224,224,ООО Статус-К
225,225,Х5 Еда
226,226,Сбер для экспертов
227,227,АЗС ИРБИС
228,228,АО Казанский Вертолетный Завод
229,229,Тензор
230,230,Nobilis.Team
231,231,Казанский (Приволжский) федеральный университет
232,232,Тензор
233,233,ООО Промвиар
234,234,ГК ICL
235,235,ООО Ак Барс Цифровые Технологии
236,236,АО Инвест Пром Групп
237,237,Maxim technology
238,238,THE FLEX
239,239,ООО АЙТИ.СПЕЙС
240,240,Алабуга. Проектный менеджмент
241,241,ООО РТСИМ
242,242,ТОО АКСЕЛБОЛТ КАЗАХСТАН
243,243,ООО Максат - Рус
244,244,АО Нэфис Косметикс
245,245,ФТО
246,246,Clickise
247,247,ЭРНА
248,248,DeNet
249,249,DeNet
250,250,"Assino, Группа компаний"
251,251,Контур
252,252,БАРС Груп
253,253,Алабуга. Проектный менеджмент
254,254,Алабуга. Проектный менеджмент
255,255,Группа Компаний БРИО
256,256,Контур
257,257,Rambler&Co
258,258,АО Р-Фарм
259,259,Компания КомЛайн
260,260,ООО 1C-Рарус
261,261,ООО Ак Барс Цифровые Технологии
262,262,ООО 1C-Рарус
263,263,Х5 Еда
264,264,Группа Компаний Мечел
265,265,Тензор
266,266,ООО Данлеко
267,267,Wanted
268,268,ООО Имплекс Проекты
269,269,ООО Имплекс Проекты
270,270,ООО Имплекс Проекты
271,271,АО Холдинговая Компания Чистополье
272,272,ООО Имплекс Проекты
273,273,ООО Имплекс Проекты
274,274,ООО Имплекс Проекты
275,275,Акцент на результат
276,276,Тензор
277,277,iStaff-IT
278,278,ООО Совкомбанк Технологии
279,279,ИП Зарипов Дмитрий Владимирович
280,280,ООО Ракета
281,281,ООО ЦПР
282,282,АО Булочно-кондитерский комбинат
283,283,АО Инвест Пром Групп
284,284,АО КЖК
285,285,АО Завод-Элекон
286,286,НПК Финист-софт
287,287,Aston
288,288,Ozon Банк
289,289,ЛЭтуаль Магазины
290,290,Programming Store
291,291,Алабуга. Проектный менеджмент
292,292,Алабуга. Проектный менеджмент
293,293,ООО АЙТИ.СПЕЙС
294,294,ООО Ракета
295,295,ООО Мобифитнес
296,296,Диалог Информационные Технологии
297,297,Сибур
298,298,ООО Русдронопорт
299,299,АО ДКС
300,300,АО Казанькомпрессормаш
301,301,ООО Интернет агентство ASAP
302,302,Elfsight Inc.
303,303,Aston
304,304,ООО Цитадель
305,305,INSOFT
306,306,ООО Смарт Консалтинг
307,307,ИП Савадерова Дарья Константиновна
308,308,ООО Таврида Электрик
309,309,Тензор
310,310,ООО НПП ГКС
311,311,ООО Ракета
312,312,АО Центральное Конструкторское Бюро Фотон
313,313,ООО ТАТИНВЕСТТРАНС
314,314,АО НИИтурбокомпрессор им. В.Б.Шнеппа
315,315,ООО Имплекс Проекты
316,316,ООО ЛСЭ
317,317,АО Татэнергосбыт
318,318,ИП Кропачева Ирина Анатольевна
319,319,Family Team
320,320,АО Булочно-кондитерский комбинат
321,321,АО Нэфис Косметикс
322,322,ООО Совкомбанк Технологии
323,323,Алабуга. Проектный менеджмент
324,324,Maxim technology
325,325,Группа Компаний БРИО
326,326,"ООО Бристоль, сеть магазинов"
327,327,ООО Maxima
328,328,ООО Maxima
329,329,Clickise
330,330,4-6 studio
331,331,ООО Лайтстат
332,332,Контур
333,333,ООО ХИМПРОМПРОЕКТ
334,334,Сбер для экспертов
335,335,АО НИИтурбокомпрессор им. В.Б.Шнеппа
336,336,ПромБудущее
337,337,Мэрия города Казани
338,338,ООО КЭР-Инжиниринг
339,339,АО Казанькомпрессормаш
340,340,DeNet
341,341,ООО Совкомбанк Технологии
342,342,TravelLine
343,343,ООО Инногеотех
344,344,Сбер для экспертов
345,345,ООО ЭвоКом
346,346,ООО Саймон Проперти Групп
347,347,ООО Искра-Волга
348,348,Казанский авиационный завод им. С.П. Горбунова - филиал АО Туполев
349,349,АСКОН
350,350,ИП Зарипов Дмитрий Владимирович
351,351,GOLDEX
352,352,ООО Роадгид
353,353,GOLDEX
354,354,NORDFOX
355,355,ООО Гектор Двери
356,356,ООО Бизнес Технологии
357,357,ГК ICL
358,358,Республика Татарстан
359,359,ООО Прометей Технологии
360,360,ООО Архитектурная мастерская Апостола
361,361,ООО Система Продаж
362,362,Eqwile
363,363,ООО Совкомбанк Технологии
364,364,IT Business Solutions
365,365,ООО Информационные Бизнес Решения
366,366,WELL MEDIA
367,367,НПК Финист-софт
368,368,ПАО ТАТТЕЛЕКОМ
369,369,Job development (ИП Козлова Ольга Александровна)
370,370,Rimzona
371,371,"Ак Барс Банк, ИТ"
372,372,МУП города Казани Водоканал
373,373,Яндекс Крауд: Качество продуктов
374,374,ООО Эйдос
375,375,ООО АгроСтар Трейд +
376,376,ООО АгроСтар Трейд +
377,377,Девелоперская компания Древо
378,378,ООО Самолет Плюс
379,379,ООО Самолет Плюс
380,380,ООО Тулпар
381,381,"Ак Барс Банк, Специалистам и руководителям"
382,382,"Ак Барс Банк, Специалистам и руководителям"
383,383,"Ак Барс Банк, Специалистам и руководителям"
384,384,ООО Вайс Сити Системс
385,385,НПК Финист-софт
386,386,АО Казанский оптико-механический завод
387,387,ООО Лизинг-Трейд
388,388,ООО Экополис
389,389,ООО ЛИДЕР-М
390,390,Cognitive Pilot
391,391,Деловые информационные системы
392,392,АО Таргет
393,393,Мэрия города Казани
394,394,Группа Богатырь
395,395,Яндекс Крауд: Поддержка
396,396,Яндекс Крауд: Поддержка
397,397,АЗС ИРБИС
398,398,ООО РТСИМ
399,399,Яндекс Крауд: Качество продуктов
400,400,Agile.Group
401,401,ООО Технократия
402,402,ООО Торговый дом Дача
403,403,ООО Телефонные Системы
404,404,Яндекс Крауд: Контент
405,405,Exely (ИП ООО HOTEL SALES WIZARD)
406,406,Испытательный Центр Стройэксперт
407,407,ООО 1C-Рарус
408,408,БАРС Груп
409,409,ООО ГК ДИАТ
410,410,БАРС Груп
411,411,Монополия
412,412,ПИК
413,413,KAFT SYSTEM
414,414,ИП Зиннуров Алмаз Минзахитович
415,415,ООО ТД Алкотек
416,416,ООО АгроСтар Трейд +
417,417,АО Казанский Вертолетный Завод
418,418,ООО Бизнес Апгрейд
419,419,ООО Айтиконтакт
420,420,ООО 1C-Рарус
421,421,Арсан
422,422,ООО ДЕКА
423,423,ООО Вайс Сити Системс
424,424,ООО Совкомбанк Технологии
425,425,Компания КомЛайн
426,426,ООО НоваСтрой
427,427,ООО АгроСтар Трейд +
428,428,JVO.ru
429,429,TravelLine
430,430,KiteGroup
431,431,Яндекс Крауд: Поддержка
432,432,ООО Газпром питание
433,433,Job development (ИП Козлова Ольга Александровна)
434,434,ГК ICL
435,435,GRANTERA
436,436,Job development (ИП Козлова Ольга Александровна)
437,437,ООО Экополис
438,438,ИП Ахунзянов Марат Асхатович
439,439,ООО Райтек ДТГ
440,440,ООО УДБ БАРС
441,441,AB
442,442,Яндекс Крауд: Контент
443,443,АК БАРС ДОМ
444,444,ООО РСК Групп
445,445,ООО Комлед
446,446,Первая Форма
447,447,ПромТехнолог
448,448,Логопотам
449,449,ООО АгроСтар Трейд +
450,450,ООО Основа +
451,451,Алабуга. Проектный менеджмент
452,452,"ИТ-парк, Технопарк в сфере высоких технологий"
453,453,Сеть аптек Апрель
454,454,ООО Айтиконтакт
455,455,ООО ХИМПРОМПРОЕКТ
456,456,ICL Soft
457,457,ТОО ДиджиталБизФэктори
458,458,ООО Инструмент
459,459,ООО Основа +
460,460,НПК Финист-софт
461,461,ООО Вайс Сити Системс
462,462,Компания Самолет
463,463,ООО КЭР-Инжиниринг
464,464,AB InBev Efes
465,465,ООО Производственная Компания Энэлт
466,466,Яндекс Практикум
467,467,ООО Икс-Игрек-Зет Автоматизация
468,468,ООО Совкомбанк Технологии
469,469,ООО АвтоВолгастрой
470,470,"ПАО Банк ПСБ, ИТ"
471,471,Maxim technology
472,472,ICL Soft
473,473,ООО ЦИТ Регион
474,474,ООО Датаюниверс
475,475,Сибалюкс
476,476,ООО Айтиконтакт
477,477,ООО Айтиконтакт
478,478,ГК ICL
479,479,AYA GAMES
480,480,AB InBev Efes
481,481,ООО ГИСГИС
482,482,АО Вакууммаш
483,483,FIX
484,484,ООО Совкомбанк Технологии
485,485,IBS
486,486,Job development (ИП Козлова Ольга Александровна)
487,487,TravelLine
488,488,morse
489,489,ООО ЦИТ Регион
490,490,Сбер для экспертов
491,491,ООО Ак Барс Цифровые Технологии
492,492,АО Вакууммаш
493,493,ООО АВП-ГРУПП
494,494,ООО Технокап
495,495,HRS
496,496,AYA GAMES
497,497,ООО ДМСК
498,498,ООО РТ-ИНФОРМ
499,499,Первый Бит
500,500,ALP GROUP
501,501,ООО Основа +
502,502,ООО РСК Групп
503,503,ООО Совкомбанк Технологии
504,504,ООО Айтиконтакт
505,505,БФТ-Холдинг
506,506,ООО Айтиконтакт
507,507,ООО Совкомбанк Технологии
508,508,ООО ВР-Ресурс
509,509,7waysconsult
510,510,Первый Бит
511,511,ООО Айтиконтакт
512,512,ООО Банковские и Финансовые Системы
513,513,ООО АгроСтар Трейд +
514,514,ООО Аллегро
515,515,ООО Итле франчайзинг
516,516,ООО ХайТек Плант
517,517,ООО Napoleon IT
518,518,Группа компаний Грайф в России
519,519,БАРС Груп
520,520,ООО ТатАИСЭнерго
521,521,Первый Бит
522,522,iSpring
523,523,ООО LEDEL-FEREKS
524,524,Арсан
525,525,ООО Ак Барс Цифровые Технологии
526,526,Первый Бит
527,527,DSSL
528,528,ООО Технократия
529,529,Алабуга. IT-Разработка игр
530,530,Web Studio 512
531,531,ООО Архитектурно Строительная Компания Эсфоэс Архитектс
532,532,"Энергобанк, АКБ"
533,533,"Ак Барс Банк, Специалистам и руководителям"
534,534,ООО LEDEL-FEREKS
535,535,ООО ПСК ФАРМА
536,536,DSSL
537,537,ООО Вайс Сити Системс
538,538,ООО НПП ГКС
539,539,ООО Совкомбанк Технологии
540,540,АО КПКБ
541,541,АСКОН
542,542,Яндекс Крауд: Нейросети
543,543,ООО ДЮК Технологии
544,544,Центр развития Яркие дети ( ИП Калинкина Наталья Евгеньевна)
545,545,АК БАРС ДОМ
546,546,ООО СимбирСофт
547,547,ООО ГК ТОЧНО
548,548,Вамин Татарстан
549,549,ООО Смарт Бизнес
550,550,"АО ИНКОМСИСТЕМ, НИЦ"
551,551,"Энергобанк, АКБ"
552,552,Флэт
553,553,Центральный банк Российской Федерации (Банк России)
554,554,vteme.consulting
555,555,Т-Банк. ИТ. DWH
556,556,ООО ГК ТОЧНО
557,557,AYA GAMES
558,558,Алабуга. Управление цифровой трансформации
559,559,ООО Альфа-сервис
560,560,Яндекс Крауд: Нейросети
561,561,AYA GAMES
562,562,StarShip.Pro
563,563,Лаборатория качества
564,564,ГАУЗ Госпиталь для ветеранов войн г.Казани
565,565,Яндекс Команда для бизнеса
566,566,ИП Кафе-пекарня Добропек (Стерлядев О.Ю.)
567,567,Арсан
568,568,ООО Совкомбанк Технологии
569,569,Decart IT-production
570,570,ООО Нэти
571,571,ООО Неон
572,572,ICL Services
573,573,ООО Совкомбанк Технологии
574,574,ANCOR
575,575,ООО Основа +
576,576,iSpring
577,577,Decart IT-production
578,578,ООО Совкомбанк Технологии
579,579,ИП Валеев Гузалия Жаудатовна
580,580,Арес
581,581,"Kept, Технологическая практика"
582,582,Алабуга. Департамент арендного бизнеса
583,583,ООО Ак Барс Цифровые Технологии
584,584,РАЗУМ
585,585,ООО ТТК Диджитал
586,586,ООО ГК Эскорт
587,587,ООО СКБ Новые Технологии
588,588,SearchInform
589,589,Восток-Сервис
590,590,Хорошая погода
591,591,GIGAWISE (гигавайс)
592,592,БАРС Груп
593,593,ООО Системы документооборота
594,594,БАРС Груп
595,595,ООО Ак Барс Цифровые Технологии
596,596,БФТ-Холдинг
597,597,ООО Эвотор
598,598,"Метрополис, компания"
599,599,ПАО Совкомбанк
600,600,Восток-Сервис
601,601,Восток-Сервис
602,602,Восток-Сервис
603,603,"АО Август, Фирма"
604,604,Яндекс Крауд: Поддержка
605,605,ПАО Совкомбанк
606,606,Центральный банк Российской Федерации (Банк России)
607,607,Ozon Информационные технологии
608,608,ООО Maxima
609,609,Яндекс Крауд: Поддержка
610,610,TravelLine
611,611,Aston
612,612,ИП Носков Евгений Андреевич
613,613,ООО Открытые решения
614,614,ООО Брайт Эйдженси
615,615,РАЗУМ
616,616,АО Татэнергосбыт
617,617,ООО Ак Барс Цифровые Технологии
618,618,Сбер для экспертов
619,619,Алабуга. IT-Разработка игр
620,620,Алабуга. IT-Разработка игр
621,621,ООО ВАЙБ ГЕЙМС
622,622,ПАО ТАТТЕЛЕКОМ
623,623,ООО Архитектурно Строительная Компания Эсфоэс Архитектс
624,624,ООО Совкомбанк Технологии
625,625,TravelLine
626,626,ПАО Совкомбанк
627,627,Directum
628,628,ООО Бс-Ресурс
629,629,Центральный банк Российской Федерации (Банк России)
630,630,Сеть аптек Апрель
631,631,Компания КомЛайн
632,632,АО Уральский завод гражданской авиации
633,633,"Миррико, Группа Компаний"
634,634,ООО Термоватт
635,635,Homework
636,636,Компания КомЛайн
637,637,Казанский (Приволжский) федеральный университет
638,638,ООО Ак Барс Цифровые Технологии
639,639,ICL Soft
640,640,ГКУ «Центр цифровой трансформации РТ»
641,641,ООО АйТи Ресурс
642,642,iSpring
643,643,Rambler&Co
644,644,ООО Айтиконтакт
645,645,ООО ТОКИ
646,646,РАЗУМ
647,647,Яндекс Крауд: Поддержка
648,648,АСКОН
649,649,ООО Нелмар
650,650,ООО ДЕКА
651,651,ООО Селлематикс
652,652,ООО Мангазея
653,653,ООО ТАЛАТУ
654,654,ООО Procter&Gamble - Новомосковск
655,655,ООО Медицина
656,656,БАРС Груп
657,657,АО Уральский завод гражданской авиации
658,658,ООО ГИСГИС
659,659,"ЗащитаИнфоТранс, ФГУП"
660,660,АО КПКБ
661,661,ООО КИП-Сервис
662,662,AYA Group
663,663,АО Татэнергосбыт
664,664,АО Агропромышленный парк Казань
665,665,ООО СимбирСофт
666,666,ООО Телефонные Системы
667,667,АО КПКБ
668,668,Яндекс Крауд: Поддержка
669,669,ООО Colvir Software Solutions
670,670,ООО Имплекс Проекты
671,671,ООО Имплекс Проекты
672,672,ООО Имплекс Проекты
673,673,ООО Имплекс Проекты
674,674, Префаб Технологии. Инженеры и техники
675,675,Сервисы Екома и Райдтеха
676,676,ООО Датаюниверс
677,677,ИП Сливащенко Максим Геннадьевич
678,678,ООО Смарт Консалтинг
679,679,Компания КомЛайн
680,680,ООО Имплекс Проекты
681,681,ООО Бс-Ресурс
682,682,ООО 1C-Рарус
683,683,ГК ICL
684,684,Яндекс Крауд: Поддержка
685,685,Clickise
686,686,ООО Имплекс Проекты
687,687,ООО Системы документооборота
688,688,АО Гринатом. ИТ
689,689,ООО Совкомбанк Технологии
690,690,ООО Когорта-М
691,691,Яндекс Крауд: Поддержка
692,692,Арсан
693,693,ООО Смарт Консалтинг
694,694,Family Team
695,695,BIV
696,696,Контур
697,697,ICL Soft
698,698,ООО Эдьюкейшн Софт
699,699,Clickise
700,700,ООО Эверест
701,701,Тип-Топ Индустриальные решения
702,702,Т-Банк. ИТ. Управление разработкой
703,703,SMART-SHOP
704,704,ICL Services
705,705,iSpring
706,706,AYA Group
707,707,ООО Совкомбанк Технологии
708,708,Межрегиональный клинико-диагностический центр (МКДЦ)
709,709,ООО БПМСОФТ
710,710,Clickise
711,711,АО Клио-Софт
712,712,ЭйчарОсы
713,713,Сеть аптек Апрель
714,714,XWAY
715,715,ПАО Совкомбанк
716,716,Elfsight Inc.
717,717,ПАО Совкомбанк
718,718,ООО КЭР-Инжиниринг
719,719,Девелоника
720,720,Maytoni
721,721,ООО ВАЙБ ГЕЙМС
722,722,ООО КЭР-Инжиниринг
723,723,НПК Финист-софт
724,724,ООО ТОКИ
725,725,ICL Soft
726,726,ООО Совкомбанк Технологии
727,727,АО КЖК
728,728,ООО Тандем
729,729,Университет Иннополис
730,730,ООО Совкомбанк Технологии
731,731,ООО Совкомбанк Технологии
732,732,Сеть аптек Апрель
733,733,Russian International School
734,734,ООО Совкомбанк Технологии
735,735,Арсан
736,736,Metacommerce
737,737,Metacommerce
738,738,ООО Архитектурно Строительная Компания Эсфоэс Архитектс
739,739,ООО Архитектурно Строительная Компания Эсфоэс Архитектс
740,740,ООО Матус энд Квитс
741,741,ООО Имплекс Проекты
742,742,ООО Имплекс Проекты
743,743,ООО Имплекс Проекты
744,744,"Ак Барс Банк, Специалистам и руководителям"
745,745,ООО Имплекс Проекты
746,746,ООО Имплекс Проекты
747,747,ООО Имплекс Проекты
748,748,ООО Имплекс Проекты
749,749,ООО Имплекс Проекты
750,750,Житняков Денис
751,751,Житняков Денис
752,752,Novo BI
753,753,ООО Шанс
754,754,АО Флант
755,755,ООО ТулаСофт
756,756,Delta Computers
757,757,ООО Цветочные Системы
758,758,АО Ротек Диджитал Солюшнс
759,759,УП НПЦ Дельта
760,760,ООО НПП МетаСофт Про
761,761,ООО Р-Софт
762,762,ООО Вайлд-Групп
763,763,ООО Автомакон
764,764,WILDBERRIES
765,765,ООО НПП МетаСофт Про
766,766,РТК-СОФТ
767,767,BrainHub
768,768,АО Интелион Дата
769,769,ООО Between Exchange
770,770,Народный центр беспилотных систем
771,771,ООО Альта-Софт
772,772,ООО SIGMA IT
773,773,"Лента, федеральная розничная сеть, Работа в IT "
774,774,АО ТК Гранд Сервис Экспресс
775,775,ООО Цифровые привычки
776,776,АНО ЦИСМ
777,777,ООО ЧОП Центавр
778,778,Геоскан
779,779,КФХ Мазыра Сергей Юрьевич
780,780,ООО 1С:ЛОГИКА ДАННЫХ
781,781,Геоскан
782,782,МТС Банк. IT
783,783,НЕФТЕПРОДУКТТЕХНИКА
784,784,Коммуникационное агентство Upside
785,785,ООО АСТ ГОЗ
786,786,IVA Technologies
787,787,ООО Эмфи
788,788,ООО HD LED TECH
789,789,Photo Lab
790,790,ООО ИЦ АЙ-ТЕКО
791,791,ООО Р-Софт
792,792,Miractal
793,793,МТС Банк. IT
794,794,ООО МАГ Девелопмент
795,795,ИП Мамаева Ирина Анатольевна
796,796,Sapiens solutions
797,797,ФГУП Центральный научно-исследовательский институт химии и механики
798,798,Фрифлекс
799,799,Top 3D Shop
800,800,Mr.Food
801,801,ООО ЛоджиксПро
802,802,"ПАО Банк ПСБ, ИТ"
803,803,ФГУП Центральный научно-исследовательский институт химии и механики
804,804,Фрифлекс
805,805,Top 3D Shop
806,806,Mr.Food
807,807,Букмекерская компания МЕЛБЕТ
808,808,ООО Энсофтгрупп
809,809,ООО Страховая компания «ТИТ»
810,810,АО Мидлэнд Ритейл Груп
811,811,АО НПЦ ЭЛВИС
812,812,Маркетинг Солюшнз
813,813,ЭКОПСИ Консалтинг
814,814,Тендертех
815,815,АО Всероссийский научно-исследовательский институт радиотехники (ВНИИРТ)
816,816,Social Media Holding
817,817,АО ВАЗСИСТЕМ
818,818,ООО Онпоинт
819,819,idaproject
820,820,RDV (ООО РДВ Автоматизация)
821,821,АО Научно-Производственный Центр Макс
822,822,ООО Омега Фарм
823,823,ООО Реал ИТ
824,824,Swordfish Security
825,825,Dex
826,826,ПОТОК
827,827,ООО Ком3
828,828,ООО Реал ИТ
829,829,ООО Р-Софт
830,830,Faceter
831,831,ООО Окно ТВ
832,832,Selecty
833,833,ООО Медиацентр
834,834,GSL Law & Consulting
835,835,ООО Старт
836,836,УП НПЦ Дельта
837,837,ООО Аптрейд
838,838,ГРУППА КОМПАНИЙ БАЗИС
839,839,Интернет-агентство BINN
840,840,ООО Сквад
841,841,ООО Андагар
842,842,Домклик
843,843,Gridnine
844,844,АО Финконект
845,845,Риверстарт
846,846,Aezakmi Group
847,847,Swordfish Security
848,848,ООО ВЕЛЕС РИСЕРЧ
849,849,Геоскан
850,850,informUnity
851,851,УП НПЦ Дельта
852,852,ООО Кема Клаб
853,853,Контур
854,854,Arvitex
855,855,ООО Р-Софт
856,856,HRTech
857,857,Ozon Информационные технологии
858,858,ООО Система Геткурс
859,859,ООО Плейспартс
860,860,ООО Аргус-ИТ
861,861,ООО Лайв Технолоджи
862,862,ООО Мореодор
863,863,ООО Эпик Дэй
864,864,AppsTrain
865,865,Datanomica
866,866,ООО Персонал Ресурс
867,867,ООО УК Рускком
868,868,Lamoda Tech
869,869,ООО ОНИН
870,870,Serty Service
871,871,Центр инноваций и информационных технологий
872,872,AMarkets
873,873,DigiNeat LLC
874,874,ООО БайтЭрг
875,875,ОФИС ТОРГ
876,876,АО Национальное Бюро Информатизации
877,877,НАТЕКС
878,878,HTL
879,879,Житняков Денис
880,880,ООО Р-Софт
881,881,ООО Смарт Энджинс Сервис
882,882,ООО Телеформ ИС
883,883,ГКУ МО Центр Внедрения Изменений Министерства Здравоохранения Московской Области
884,884,Парфюмерно-косметический супермаркет Золотое Яблоко
885,885,Туту
886,886,Точка
887,887,Miractal
888,888,Букмекерская компания МЕЛБЕТ
889,889,ООО Дальпромрыба
890,890,ООО Бренд Монитор
891,891,Университет искусственного интеллекта
892,892,JAMI LUP
893,893,ООО Дивлаб
894,894,ООО Свенти
895,895,Unisender
896,896,Интернет Партнер
897,897,idaproject
898,898,ООО Наш Инструмент
899,899,ООО ДМС Передовые Технологии
900,900,IndigoSoft
901,901,HR Store (ИП Шибанова Дарья Рафаиловна)
902,902,АО РИМА
903,903,Студия Oxem
904,904,"Эверис, Представительство"
905,905,"ПАО Банк ПСБ, ИТ"
906,906,Макспроект
907,907,АО Синтелс
908,908,АО  Octobank.IT Блок
909,909,ООО 1024БИТ
910,910,Lev Haolam Judea and Samaria LTD
911,911,ООО ВиКонт
912,912,ООО Радиоавтоматика
913,913,ООО РСХБ-Интех
914,914,ИнСАТ
915,915,Фонд Сколково
916,916,XPN Network
917,917,РОССКО
918,918,ИП Трояновская Екатерина Игоревна
919,919,"ОПЦИОН, ИФК"
920,920,Компания ДЭП
921,921,Bip.ru
922,922,ООО Берг
923,923,AMarkets
924,924,НТЦ Радуга
925,925,Наймиум
926,926,ИП Есин Евгений Валерьевич
927,927,ООО Омнипродукт
928,928,АО Тривио
929,929,Платформа
930,930,Anima Technologies
931,931,Русинхим
932,932,ООО БАС ГЛОРИ ЭЙР
933,933,iStudio (ООО Бэстбай)
934,934,Aiti Guru
935,935,ООО Фелиса
936,936,ООО РТК-Платформа здоровья
937,937,ООО СЛТ
938,938,АО РНПК
939,939,Студия Oxem
940,940,iiii Tech (Форайз)
941,941,Туроператор Русь
942,942,ВкусВилл. Офис
943,943,WILDBERRIES
944,944,Наймиум
945,945,ООО Эдвансд Трейдинг
946,946,ООО Ценовые системы
947,947,Печатный Экспресс Флексография
948,948,ООО СейлсСолюшен
949,949,ООО Резольвента
950,950,5xtrim
951,951,ИП Балакирев Александр Александрович
952,952,ООО Архимед
953,953,Innovasystem
954,954,НАТЕКС
955,955,ООО Арудит Секьюрити
956,956,АО НТЦ ЕЭС
957,957,Rolbexi Consulting Limited
958,958,ООО Арудит Секьюрити
959,959,АО НТЦ ЕЭС
960,960,Bip.ru
961,961,Платформа автопутешествий Смородина
962,962,ООО Бринго
963,963,ЗАО НОРСИ-ТРАНС
964,964,CDNvideo (ООО СДН-видео)
965,965,AXELSOFT
966,966,ООО Премиум
967,967,Zebra Corporate Digital
968,968,Infosuite
969,969,ООО Платформа
970,970,АО РТ-Техприемка
971,971,Клируэй Текнолоджис
972,972,Файн Ингредиентс
973,973,ООО Лаборатория Безопасных Систем
974,974,ООО НацИнфоБез
975,975,ООО Новые Технологии
976,976,ИП Маковкин Сергей Аркадьевич
977,977,АО Газпромбанк Лизинг
978,978,ООО МонАрх-АйТи
979,979,ООО ВЕБ Инфраструктура
980,980,ООО БАЗИС
981,981,ООО Амс Тимс
982,982,ООО БЬЮТИ АЛЬЯНС
983,983,АО Национальное Бюро Информатизации
984,984,Туроператор Русь
985,985,ООО РусХимХолдинг
986,986,LAVARICE
987,987,Парфюмерно-косметический супермаркет Золотое Яблоко
988,988,ТОРГОВЫЙ ДОМ «АВТОПРОФИ»
989,989,ООО Системы Управления
990,990,НТЦ Радуга
991,991,ООО Эволюция
992,992,Леста Игры
993,993,ООО Лаборатория Акросс-Тех
994,994,Префаб Технологии
995,995,ООО Голд Тех
996,996,ПАО КБ Уральский банк реконструкции и развития (УБРиР)
997,997,Novo BI
998,998,EcoFinance
999,999,EcoFinance
1000,1000,ТОО MadOut Games
1001,1001,IVANCHINTRAFF (ИП Иванчин Александр Викторович)
1002,1002,Business Mentor
1003,1003,ООО Джиэнтех
1004,1004,ООО Автоспот
1005,1005,Maslov.ai
1006,1006,Anima Technologies
1007,1007,Клируэй Текнолоджис
1008,1008,ЗАО АППИУС
1009,1009,AERODISK
1010,1010,ООО АСМ
1011,1011,BINOM
1012,1012,"Ангел, Группа компаний"
1013,1013,Алео-Альянс
1014,1014,Эстет
1015,1015,АО Синтелс
1016,1016,Perfect Panel
1017,1017,Делимобиль
1018,1018,"СиСофт, (CSoft)"
1019,1019,Effective
1020,1020,Call to Visit
1021,1021,ООО Селфсек
1022,1022,ООО БАЗИС
1023,1023,СТАНЛАБ
1024,1024,ООО Брисмани
1025,1025,STARTRIBE LTD
1026,1026,ООО ВЕЛЕС РИСЕРЧ
1027,1027,Леста Игры
1028,1028,ООО МедБизнесКонсалтинг
1029,1029,ООО МАКСБИТСОЛЮШЕН
1030,1030,АО СИНАПС ТЕХНОЛОДЖИ
1031,1031,Freedom International Group
1032,1032,Группа компаний ГУД - ФУД
1033,1033,НТЦ МИК-ИНФОРМ
1034,1034,ООО ГрандТитул
1035,1035,ООО Транспортно-логистическая компания Р-ТРАНС
1036,1036,DORS
1037,1037,Sintec Group
1038,1038,Цифровой аудит
1039,1039,Anykey
1040,1040,НАТЕКС
1041,1041,TeamIdea (ООО ТИМИДЕЯ ГРУПП)
1042,1042,ООО Арланда
1043,1043,ООО Ит
1044,1044,Контур
1045,1045,ООО Интеллектуальный Поиск
1046,1046,ООО Смарт Аналитикс Рус
1047,1047,Represent Studio
1048,1048,STARTRIBE LTD
1049,1049,BORK
1050,1050,Aramco Innovations
1051,1051,ООО Идв-Групп
1052,1052,ООО ОптималГрупп
1053,1053,Общероссийская Физкультурно-Спортивная Общественная организация Федерация Спортивного Программирования
1054,1054,АО Тривио
1055,1055,Photo Lab
1056,1056,ООО Лоция
1057,1057,ООО Прогрессив Медиа Девелопмент
1058,1058,Photo Lab
1059,1059,ООО Лоция
1060,1060,ООО Прогрессив Медиа Девелопмент
1061,1061,Trinity Way DMCC
1062,1062,ООО Нью Левел Бизнес
1063,1063,ООО Дубайт
1064,1064,ООО Эспалада
1065,1065,ООО Тесла Телекоммуникации
1066,1066,СИГМА
1067,1067,ООО АКРОН СКРАП Москва
1068,1068,ООО СмартБрик
1069,1069,ООО Хавейл Мотор Рус
1070,1070,ООО УК Формула Развития
1071,1071,Nextremum
1072,1072,ООО АйТи Сервис Менеджмент
1073,1073,EKONIKA
1074,1074,101 Интернет
1075,1075,Simtech Development
1076,1076,ООО Арп-Дизайн
1077,1077,Uniteller
1078,1078,ООО Темпория Инвест
1079,1079,ООО Премиум Бонус
1080,1080,Abi
1081,1081,ООО Инконсалт
1082,1082,Префаб Технологии
1083,1083,Молодей
1084,1084,ООО ПРОЛАЙТ
1085,1085,PROWAY
1086,1086,StormWall™
1087,1087,"Bright Pattern, Inc"
1088,1088,ООО Арудит Секьюрити
1089,1089,Répina Branding
1090,1090,ООО Ойл Ресурс Групп
1091,1091,АО Юник Девелопмент
1092,1092,Factory5
1093,1093,ООО ЛЕСНОЙ ЗАВОД
1094,1094,Парфюмерно-косметический супермаркет Золотое Яблоко
1095,1095,amoCRM
1096,1096,"Красное & Белое, розничная сеть"
1097,1097,ООО Ю-Софт Ритейл
1098,1098,Мартини РУС Российский производитель светотехнического оборудования
1099,1099,MLM Soft
1100,1100,ООО НТЦ Бакор
1101,1101,Pandaverse OÜ
1102,1102,RetailCRM
1103,1103,BAUM
1104,1104,A3F Group
1105,1105,Devorer
1106,1106,Datanomica
1107,1107,ООО Группа Компаний Профинансы Капитал
1108,1108,ООО Группа Компаний Профинансы Капитал
1109,1109,ГК Садовое кольцо
1110,1110,ESTADEL
1111,1111,Леста Игры
1112,1112,АО Большие Данные
1113,1113,ООО Берг
1114,1114,АО ТЕКОН-Инжиниринг
1115,1115,ООО Текс-Мод
1116,1116,Наймиум
1117,1117,Наймиум
1118,1118,Ростелеком - Центры обработки данных
1119,1119,PIEZUS
1120,1120,Делимобиль
1121,1121,ООО Монтранс
1122,1122,"РОГНЕДА, группа компаний"
1123,1123,ООО Мир бега
1124,1124,Мастер Лаб
1125,1125,ООО Центр корпоративных технологий
1126,1126,АНО Центр ЭМАК
1127,1127,evrone.ru
1128,1128,АНО ЦИСМ
1129,1129,ООО Центр СПРУТ-Т
1130,1130,ООО МФК Фордевинд
1131,1131,ООО Лаборатория Безопасных Систем
1132,1132,ООО РАДИОТЕХ
1133,1133,ООО Дивлаб
1134,1134,ИП Царева Яна Дмитриевна
1135,1135,Риверстарт
1136,1136,ИП Пешков Никита Владиславович
1137,1137,Selecty
1138,1138,AMarkets
1139,1139,ТОО Wisebits
1140,1140,АО Всероссийский научно-исследовательский институт радиотехники (ВНИИРТ)
1141,1141,Ateuco
1142,1142,"билайн: ИТ, Data, Digital"
1143,1143,Точка
1144,1144,ООО АЛЬФАКОМ
1145,1145,ООО ТопТех
1146,1146,ООО Концепт Разработка
1147,1147,Клируэй Текнолоджис
1148,1148,ООО Константин Чайкин
1149,1149,Rubius
1150,1150,VASSA&Co
1151,1151,ООО МАГ Девелопмент
1152,1152,Астарта
1153,1153,Business Solutions Consulting
1154,1154,Primo RPA
1155,1155,Фрифлекс
1156,1156,Kinescope
1157,1157,АО Академия Клевери
1158,1158,amoCRM
1159,1159,ГК Хлебник
1160,1160,АО Бета
1161,1161,Manzana Group
1162,1162,ПАО КБ Уральский банк реконструкции и развития (УБРиР)
1163,1163,Среда Возможностей
1164,1164,Тесуджи
1165,1165,АО Авто Финанс Банк
1166,1166,SL Soft
1167,1167,АО Машиностроительное конструкторское бюро Факел имени академика П.Д.Грушина
1168,1168,WMT
1169,1169,ООО БАЗИС
1170,1170,ООО АЛЬФАКОМ
1171,1171,ООО БИОТЕХНО
1172,1172,ООО Астрон Аэро
1173,1173,StormWall™
1174,1174,ООО АСАП РАЗРАБОТКА
1175,1175,Адвокатское бюро KALOY.RU
1176,1176,ООО Рентген-Комплект
1177,1177,ООО Мобильное электронное образование
1178,1178,AMarkets
1179,1179,aQsi
1180,1180,ООО Лидстех
1181,1181,KitchenMania.ru
1182,1182,ООО Авангард+
1183,1183,Millennium
1184,1184,ООО Систематика Консалтинг
1185,1185,ООО ВЕДА КОНСАЛТИНГ
1186,1186,ГБУ МО УТНКР
1187,1187,"Hi, Rockits!"
1188,1188,АО Академия Клевери
1189,1189,SSP SOFT
1190,1190,АО РТ-Техприемка
1191,1191,АО Мидлэнд Ритейл Груп
1192,1192,ООО Премиум Бонус
1193,1193,ООО Регеора Девелопмент
1194,1194,"билайн: ИТ, Data, Digital"
1195,1195,Пикабу
1196,1196,Клируэй Текнолоджис
1197,1197,Bioniq
1198,1198,Ланта-Банк
1199,1199,Круизный центр Инфофлот
1200,1200,ООО Научно-исследовательский институт транспорта нефти и нефтепродуктов Транснефть
1201,1201,amoCRM
1202,1202,BPA
1203,1203,«Азбука вкуса». Tech
1204,1204,АО Мидлэнд Ритейл Груп
1205,1205,ИРИ
1206,1206,Лига Цифровой Экономики
1207,1207,ООО РусПетрол
1208,1208,ИРИ
1209,1209,Лига Цифровой Экономики
1210,1210,ООО РусПетрол
1211,1211,Протектор
1212,1212,ООО Флекскор
1213,1213,ООО ГрандТитул
1214,1214,ООО ПРОЛАЙТ
1215,1215,ООО Амтел-софт
1216,1216,ООО ПК АМ 2.0
1217,1217,ООО Лаборатория Аквилон
1218,1218,ООО Космос Про Медиа
1219,1219,АО НПЦАП (Научно-производственный центр автоматики и приборостроения имени академика Н. А. Пилюгина)
1220,1220,WILDBERRIES
1221,1221,СберЗдоровье
1222,1222,AMarkets
1223,1223,ООО БАЗИС
1224,1224,ООО Арудит Секьюрити
1225,1225,НТЦ МИК-ИНФОРМ
1226,1226,АО НИЦ Прикладная Логистика
1227,1227,Правительство Москвы
1228,1228,Агентство Сила различий
1229,1229,ООО Флат
1230,1230,ООО Аруснави Электроникс
1231,1231,Sofit
1232,1232,УП НПЦ Дельта
1233,1233,Lab4U - медицинская онлайн-лаборатория
1234,1234,ИП Краснова Екатерина Сергеевна
1235,1235,ООО Клевертек
1236,1236,СИГМА
1237,1237,ГКУ Инфогород
1238,1238,amoCRM
1239,1239,ООО Домопульт
1240,1240,АО МОРСКОЙ БАНК
1241,1241,АО Сочинский мясокомбинат
1242,1242,WAZZUP
1243,1243,ЗАО Цифровые Миры
1244,1244,ООО ИЦ АЙ-ТЕКО
1245,1245,Ведомости
1246,1246,Клуб Любимых Туристов
1247,1247,ООО ТД Арамье
1248,1248,ООО ОПТОМЕД
1249,1249,Amex Development
1250,1250,ООО НоваПродукт АГ
1251,1251,ООО Агроноут
1252,1252,Имплемент
1253,1253,TIQUM
1254,1254,ООО Модуль
1255,1255,"ГК РОСТ, Отдел Информационных технологий"
1256,1256,ТПС Недвижимость
1257,1257,"СТРОЙСОФТ, ГК"
1258,1258,BYTIME
1259,1259,"Оптимист Оптика, Сеть салонов"
1260,1260,ИП Факторов Александр Константинович
1261,1261,ИП Кляшторный Андрей Владиславович
1262,1262,ООО “Куб Бьюти”
1263,1263,ООО Монтранс
1264,1264,ООО Фитокосметик
1265,1265,ООО Вебтехнологии
1266,1266,"Компания «СПОРТМАСТЕР», Sportmaster Lab"
1267,1267,Aviasales.ru
1268,1268,ООО БПС Инновационные Программные Решения
1269,1269,Группа ЭНЭЛТ
1270,1270,Межрегиональный Информационный Центр Фонда Пенсионного и Социального Страхования Российской Федерации
1271,1271,Бюро переводов Перевод & Право
1272,1272,Кондитерская фабрика Балабаев
1273,1273,ООО Автомакон
1274,1274,ООО Мартфарм
1275,1275,MIND Software
1276,1276,Леста Игры
1277,1277,PUSK
1278,1278,АО Консалт Плюс
1279,1279,amoCRM
1280,1280,ООО НПО ГРАНЬ
1281,1281,АО Тривио
1282,1282,ООО Апджет
1283,1283,Pixel Point
1284,1284,Ракетно-космическая корпорация Энергия
1285,1285,amgroup автоматизация
1286,1286,ООО БИС-Консалтинг
1287,1287,ГАУ ИТЦ СОЦЗАЩИТА МОСКВЫ
1288,1288,Aston
1289,1289,Мо: Медитация и Сон
1290,1290,Tech Horizon
1291,1291,АО Коммерсантъ
1292,1292,Tech Horizon
1293,1293,ООО Группа Компаний Гарант
1294,1294,TastyTeam
1295,1295,Carbon Soft
1296,1296,СИГМА
1297,1297,ООО ВЕЛЕС РИСЕРЧ
1298,1298,ООО ФНБ Инжиниринг
1299,1299,ООО Фирма Светец
1300,1300,ООО Мир бега
1301,1301,Консист Бизнес Групп
1302,1302,АО КБ НАВИС
1303,1303,ООО Фирма Светец
1304,1304,AH Group IT
1305,1305,ООО Октопустех
1306,1306,"Красное & Белое, розничная сеть"
1307,1307,Вовнянко Олеся Викторовна
1308,1308,ООО Ок Софт
1309,1309,"Лента, федеральная розничная сеть, Работа в IT "
1310,1310,Улицкий Кирилл
1311,1311,AMarkets
1312,1312,ООО ВИЛО РУС
1313,1313,Restoclub.ru
1314,1314,ООО ТЕНДА РУС
1315,1315,ИП Мамаева Ирина Анатольевна
1316,1316,KAMAZ DIGITAL
1317,1317,ООО БПК
1318,1318,Infosuite
1319,1319,АО РТ-Финанс
1320,1320,169
1321,1321,ИП Андреева Наталия Ивановна
1322,1322,LITE Gallery
1323,1323,ООО Волгард
1324,1324,"Оптимист Оптика, Сеть салонов"
1325,1325,Островок.Ostrovok!Tech
1326,1326,CHAMELEON42
1327,1327,Appie.tech
1328,1328,ТЕК-КОМ
1329,1329,БФТ-Холдинг
1330,1330,Московские окна
1331,1331,Раздолье Группа Компаний
1332,1332,ООО ПроКомплаенс
1333,1333,Axiom JDK
1334,1334,Туроператор Русь
1335,1335,АО РНПК
1336,1336,Кирилин Алексей Вадимович
1337,1337,ООО Самолет Плюс
1338,1338,Enjoypro
1339,1339,Digital Strategy
1340,1340,ООО Диджитал медикэл оперейшнс
1341,1341,ООО Маналот Геймз
1342,1342,ООО Премиум Бонус
1343,1343,ООО НТМ-ЗАЩИТА
1344,1344,ООО Дэлис
1345,1345,ООО Тайгер Трейд
1346,1346,LANTA Talent Solutions
1347,1347,ООО ЭкоПлантТ
1348,1348,Мэри Кэй
1349,1349,ООО Территория кадров
1350,1350,IT Capital
1351,1351,GrowFood
1352,1352,ИП Мамаева Ирина Анатольевна
1353,1353,ООО АМИКОН
1354,1354,ИП Факторов Александр Константинович
1355,1355,ЕМЕ
1356,1356,АО Фруктовая лавка
1357,1357,ООО Гринфилдс-Логистика
1358,1358,АО Фруктовая лавка
1359,1359,ООО Гринфилдс-Логистика
1360,1360,AB InBev Efes
1361,1361,ООО Фастэко
1362,1362,ООО БАЗИС
1363,1363,ООО БАЗИС
1364,1364,Этернис
1365,1365,ООО ИнтеллСтафф
1366,1366,Риверстарт
1367,1367,Делимобиль
1368,1368,FINTECH SERVICE
1369,1369,Мясницкий ряд
1370,1370,ТМХ Интеллектуальные Системы
1371,1371,АО Крибрум
1372,1372,AERODISK
1373,1373,"VK, Технический департамент"
1374,1374,АО Концерн ГРАНИТ
1375,1375,ООО Айкон Про
1376,1376,ООО БУЛАТ
1377,1377,Парфюмерно-косметический супермаркет Золотое Яблоко
1378,1378,АО Элекснет
1379,1379,СберЛизинг
1380,1380,SSP SOFT
1381,1381,ООО Мой Класс
1382,1382,CosmoHome
1383,1383,MSTech L.L.C-FZ
1384,1384,FIRST DATA LLC
1385,1385,ООО Винглобал
1386,1386,evrone.ru
1387,1387,ООО ДТЛ
1388,1388,ООО АБИКС Технолоджи
1389,1389,ООО Лаборатория системных технологий
1390,1390,ООО Нацпромлизинг
1391,1391,Work&Wolf
1392,1392,1IDM
1393,1393,Bip.ru
1394,1394,АО Мидлэнд Ритейл Груп
1395,1395,Сбер для экспертов
1396,1396,ООО Ростелеком Информационные Технологии
1397,1397,Цифровой аудит
1398,1398,АО НПЦ ЭЛВИС
1399,1399,ООО Гринфилдс-Логистика
1400,1400,ООО Ритейл-Процессинг
1401,1401,TastyTeam
1402,1402,Amex Development
1403,1403,КИТ Консалтинг (ООО ГРУППА КИТ)
1404,1404,ООО Puzzle English
1405,1405,HTS
1406,1406,AERODISK
1407,1407,ООО Столик на одного
1408,1408,ООО Е-Флопс
1409,1409,ООО РОЯЛ КЕЙК
1410,1410,АО НПО СКАНЕР
1411,1411,ООО АСТ ГОЗ
1412,1412,Cinar
1413,1413,Тайрай
1414,1414,Делимобиль
1415,1415,ООО Фитмост
1416,1416,IVA Technologies
1417,1417,ООО Форлинк
1418,1418,ООО Старт
1419,1419,Delta Computers
1420,1420,ООО ИЦ АЙ-ТЕКО
1421,1421,White Cabs
1422,1422,ООО ТЛ Групп
1423,1423,ООО Амс Тимс
1424,1424,WINbd
1425,1425,evrone.ru
1426,1426,Tripster
1427,1427,АО ТЭК-Торг
1428,1428,Корпорация ЭЛАР
1429,1429,ООО ПУЛЬС АЙТИМ
1430,1430,ООО Бюро Цифровой Трансформации
1431,1431,ООО Верный Код
1432,1432,ООО Лаборатория Безопасных Систем
1433,1433,ООО ПРОМТЕХ
1434,1434,Открытые Технологии
1435,1435,ИП Евсеев Сергей Владимирович
1436,1436,АО Паритет
1437,1437,ООО Бизнес Клаб
1438,1438,Rubius
1439,1439,Rubius
1440,1440,West Concept
1441,1441,АО Песко Энергия и Ресурсы
1442,1442,ООО Гумич РТК
1443,1443,"МАГНИТ, Розничная сеть"
1444,1444,CHAMELEON42
1445,1445,ООО Юнистайл
1446,1446,Консалтика
1447,1447,TeamIdea (ООО ТИМИДЕЯ ГРУПП)
1448,1448,АО ИнфоТеКС
1449,1449,Ингосстрах
1450,1450,STARTRIBE LTD
1451,1451,Сбер для экспертов
1452,1452,ООО Проверенные Технологии
1453,1453,Рунити
1454,1454,ООО Тарасевич и партнеры
1455,1455,Datanomica
1456,1456,Sirius Future
1457,1457,ООО Лектон
1458,1458,ООО Лектон
1459,1459,"билайн: ИТ, Data, Digital"
1460,1460,Риверстарт
1461,1461,ООО Дубайт
1462,1462,Roistat
1463,1463,Roistat
1464,1464,АО Эксперт РА
1465,1465,Айтон
1466,1466,"Hi, Rockits!"
1467,1467,Группа Компаний GRESSO
1468,1468,ООО Смарт Энджинс Сервис
1469,1469,"Hi, Rockits!"
1470,1470,ООО Виенто
1471,1471,"Организатор перевозок, Государственное казенное учреждение города Москвы"
1472,1472,Сеть розничных магазинов Добрынинский. Кондитерская и гастрономия.
1473,1473,АО ГК Орбита
1474,1474,"Hi, Rockits!"
1475,1475,Богаделин Александр Алексеевич
1476,1476,ИП Наталия Васильевна Сухина
1477,1477,YADRO
1478,1478,Клируэй Текнолоджис
1479,1479,ООО СОФИ СОФТ
1480,1480,ООО Грин-Апи
1481,1481,Единый центр карьеры Госкорпорации Роскосмос
1482,1482,ИП Шатаев Андрей Васильевич
1483,1483,ENERGON
1484,1484,STARTRIBE LTD
1485,1485,Elastcode Limited
1486,1486,4spaces
1487,1487,Ювенко
1488,1488,ООО СУ-ШЕФ
1489,1489,АО Лайв Саунд
1490,1490,ООО ВЕЛЕС РИСЕРЧ
1491,1491,Валлекс М
1492,1492,ООО Си энд Ю Ко
1493,1493,АО НЭПТ
1494,1494,zGroup-IT
1495,1495,ООО НКО ЭЛЕКСИР
1496,1496,АО РТСофт
1497,1497,ООО Теории от практиков
1498,1498,АО РТСофт
1499,1499,aQsi
1500,1500,ООО ЛоджиксПро
1501,1501,AbeloHost B.V.
1502,1502,Datanomica
1503,1503,ООО ПКО Национальная Фабрика Ипотеки
1504,1504,Doczilla
1505,1505,Бизнес-Азимут
1506,1506,PLC.01
1507,1507,Whitebox
1508,1508,PLC.01
1509,1509,Whitebox
1510,1510,ООО Платформа Трим
1511,1511,ООО Корпоративные Коммуникации
1512,1512,Лига Цифровой Экономики
1513,1513,STARTRIBE LTD
1514,1514,ООО Киберпротект
1515,1515,ООО ЭкоПлантТ
1516,1516,ООО МАСТЕРС
1517,1517,ООО Саблайн Сервис
1518,1518,ООО Тайгер Трейд
1519,1519,Blacktyres
1520,1520,ООО ИЦ АЙ-ТЕКО
1521,1521,ООО Первая Ступень
1522,1522,SL Soft
1523,1523,ООО Гауф Рус
1524,1524,СОГАЗ: г. Москва
1525,1525,Vestan
1526,1526,ООО Коллектив Интеллидженс Системс
1527,1527,ООО Круст
1528,1528,ИП Кубовцова Жанна Александровна
1529,1529,Morizo
1530,1530,Bellerage
1531,1531,StormWall™
1532,1532,JFoRecruitment
1533,1533,ЮРИОН
1534,1534,ООО ИНИТИ
1535,1535,ООО Новейшие Технологии ЛС
1536,1536,билайн: Контактные центры
1537,1537,ИП Мамаева Ирина Анатольевна
1538,1538,«Азбука вкуса». Tech
1539,1539,СИГМА
1540,1540,efin
1541,1541,Нескучные Финансы
1542,1542,Леста Игры
1543,1543,ISS
1544,1544,A3F Group
1545,1545,LLC Omniverse
1546,1546,АО ТК Гранд Сервис Экспресс
1547,1547,Dex
1548,1548,BLACKHUB GAMES
1549,1549,СК Ренессанс Жизнь
1550,1550,Spice IT
1551,1551,Appie.tech
1552,1552,NATIVE TRENDS
1553,1553,ООО Москва Карго
1554,1554,ООО МСН Телеком
1555,1555,Юнитест
1556,1556,ЛОКО-БАНК
1557,1557,Компания Trisoft
